Category 2 (Simple Content A1-A2),April,n.,A1
Category 2 (Simple Content A1-A2),August,n.,A1
Category 2 (Simple Content A1-A2),CD,n.,A1
Category 2 (Simple Content A1-A2),DVD,n.,A1
Category 2 (Simple Content A1-A2),December,n.,A1
Category 2 (Simple Content A1-A2),February,n.,A1
Category 2 (Simple Content A1-A2),Friday,n.,A1
Category 2 (Simple Content A1-A2),January,n.,A1
Category 2 (Simple Content A1-A2),July,n.,A1
Category 2 (Simple Content A1-A2),June,n.,A1
Category 2 (Simple Content A1-A2),March,n.,A1
Category 2 (Simple Content A1-A2),Monday,n.,A1
Category 2 (Simple Content A1-A2),November,n.,A1
Category 2 (Simple Content A1-A2),October,n.,A1
Category 2 (Simple Content A1-A2),Saturday,n.,A1
Category 2 (Simple Content A1-A2),September,n.,A1
Category 2 (Simple Content A1-A2),Sunday,n.,A1
Category 2 (Simple Content A1-A2),T-shirt,n.,A1
Category 2 (Simple Content A1-A2),TV,n.,A1
Category 2 (Simple Content A1-A2),Thursday,n.,A1
Category 2 (Simple Content A1-A2),Tuesday,n.,A1
Category 2 (Simple Content A1-A2),Wednesday,n.,A1
Category 2 (Simple Content A1-A2),"a, an indefinite article",unknown,A1
Category 2 (Simple Content A1-A2),able,adj.,A2
Category 2 (Simple Content A1-A2),act,v.,A2
Category 2 (Simple Content A1-A2),action,n.,A1
Category 2 (Simple Content A1-A2),add,v.,A1
Category 2 (Simple Content A1-A2),address,n.,A1
Category 2 (Simple Content A1-A2),adult,n.,A1
Category 2 (Simple Content A1-A2),adult,adj.,A2
Category 2 (Simple Content A1-A2),actor,n.,A1
Category 2 (Simple Content A1-A2),actress,n.,A1
Category 2 (Simple Content A1-A2),age,n.,A1
Category 2 (Simple Content A1-A2),ago,adv.,A1
Category 2 (Simple Content A1-A2),agree,v.,A1
Category 2 (Simple Content A1-A2),air,n.,A1
Category 2 (Simple Content A1-A2),alive,adj.,A2
Category 2 (Simple Content A1-A2),all,adv.,A2
Category 2 (Simple Content A1-A2),allow,v.,A2
Category 2 (Simple Content A1-A2),achieve,v.,A2
Category 2 (Simple Content A1-A2),active,adj.,A2
Category 2 (Simple Content A1-A2),activity,n.,A1
Category 2 (Simple Content A1-A2),alone,adj./adv.,A2
Category 2 (Simple Content A1-A2),angry,adj.,A1
Category 2 (Simple Content A1-A2),animal,n.,A1
Category 2 (Simple Content A1-A2),ankle,n.,A2
Category 2 (Simple Content A1-A2),answer,"n., v.",A1
Category 2 (Simple Content A1-A2),any,adv.,A2
Category 2 (Simple Content A1-A2),any more,adv.,A2
Category 2 (Simple Content A1-A2),anyway,adv.,A2
Category 2 (Simple Content A1-A2),apartment,n.,A1
Category 2 (Simple Content A1-A2),app,n.,A2
Category 2 (Simple Content A1-A2),appear,v.,A2
Category 2 (Simple Content A1-A2),apple,n.,A1
Category 2 (Simple Content A1-A2),apply,v.,A2
Category 2 (Simple Content A1-A2),architect,n.,A2
Category 2 (Simple Content A1-A2),architecture,n.,A2
Category 2 (Simple Content A1-A2),area,n.,A1
Category 2 (Simple Content A1-A2),argue,v.,A2
Category 2 (Simple Content A1-A2),argument,n.,A2
Category 2 (Simple Content A1-A2),arm,n.,A1
Category 2 (Simple Content A1-A2),army,n.,A2
Category 2 (Simple Content A1-A2),arrive,v.,A1
Category 2 (Simple Content A1-A2),art,n.,A1
Category 2 (Simple Content A1-A2),article,n.,A1
Category 2 (Simple Content A1-A2),artist,n.,A1
Category 2 (Simple Content A1-A2),ask,v.,A1
Category 2 (Simple Content A1-A2),aunt,n.,A1
Category 2 (Simple Content A1-A2),author,n.,A2
Category 2 (Simple Content A1-A2),autumn,n.,A1
Category 2 (Simple Content A1-A2),available,adj.,A2
Category 2 (Simple Content A1-A2),avoid,v.,A2
Category 2 (Simple Content A1-A2),award,n.,A2
Category 2 (Simple Content A1-A2),away,adv.,A1
Category 2 (Simple Content A1-A2),awful,adj.,A2
Category 2 (Simple Content A1-A2),baby,n.,A1
Category 2 (Simple Content A1-A2),back,"n., adv.",A1
Category 2 (Simple Content A1-A2),back,adj.,A2
Category 2 (Simple Content A1-A2),background,n.,A2
Category 2 (Simple Content A1-A2),bad,adj.,A1
Category 2 (Simple Content A1-A2),badly,adv.,A2
Category 2 (Simple Content A1-A2),bag,n.,A1
Category 2 (Simple Content A1-A2),ball,n.,A1
Category 2 (Simple Content A1-A2),banana,n.,A1
Category 2 (Simple Content A1-A2),band,n.,A1
Category 2 (Simple Content A1-A2),bank (money),n.,A1
Category 2 (Simple Content A1-A2),bar,n.,A2
Category 2 (Simple Content A1-A2),baseball,n.,A2
Category 2 (Simple Content A1-A2),based,adj.,A2
Category 2 (Simple Content A1-A2),basketball,n.,A2
Category 2 (Simple Content A1-A2),bath,n.,A1
Category 2 (Simple Content A1-A2),bathroom,n.,A1
Category 2 (Simple Content A1-A2),"be v., auxiliary",v.,A1
Category 2 (Simple Content A1-A2),beach,n.,A1
Category 2 (Simple Content A1-A2),bean,n.,A2
Category 2 (Simple Content A1-A2),bear (animal),n.,A2
Category 2 (Simple Content A1-A2),beat,v.,A2
Category 2 (Simple Content A1-A2),bed,n.,A1
Category 2 (Simple Content A1-A2),bedroom,n.,A1
Category 2 (Simple Content A1-A2),beef,n.,A2
Category 2 (Simple Content A1-A2),beer,n.,A1
Category 2 (Simple Content A1-A2),believe,v.,A1
Category 2 (Simple Content A1-A2),belt,n.,A2
Category 2 (Simple Content A1-A2),best,adj.,A1
Category 2 (Simple Content A1-A2),best,"adv., n.",A2
Category 2 (Simple Content A1-A2),better,adj.,A1
Category 2 (Simple Content A1-A2),big,adj.,A1
Category 2 (Simple Content A1-A2),bike,n.,A1
Category 2 (Simple Content A1-A2),bill,n.,A1
Category 2 (Simple Content A1-A2),billion number,unknown,A2
Category 2 (Simple Content A1-A2),bin,n.,A2
Category 2 (Simple Content A1-A2),bird,n.,A1
Category 2 (Simple Content A1-A2),birth,n.,A2
Category 2 (Simple Content A1-A2),birthday,n.,A1
Category 2 (Simple Content A1-A2),biscuit,n.,A2
Category 2 (Simple Content A1-A2),bit,n.,A2
Category 2 (Simple Content A1-A2),black,"adj., n.",A1
Category 2 (Simple Content A1-A2),blank,"adj., n.",A2
Category 2 (Simple Content A1-A2),blood,n.,A2
Category 2 (Simple Content A1-A2),blow,v.,A2
Category 2 (Simple Content A1-A2),blue,"adj., n.",A1
Category 2 (Simple Content A1-A2),board,n.,A2
Category 2 (Simple Content A1-A2),blog,n.,A1
Category 2 (Simple Content A1-A2),boat,n.,A1
Category 2 (Simple Content A1-A2),body,n.,A1
Category 2 (Simple Content A1-A2),boil,v.,A2
Category 2 (Simple Content A1-A2),bone,n.,A2
Category 2 (Simple Content A1-A2),book,n.,A1
Category 2 (Simple Content A1-A2),book,v.,A2
Category 2 (Simple Content A1-A2),born,v.,A1
Category 2 (Simple Content A1-A2),boss,n.,A2
Category 2 (Simple Content A1-A2),bowl,n.,A2
Category 2 (Simple Content A1-A2),box,n.,A1
Category 2 (Simple Content A1-A2),boy,n.,A1
Category 2 (Simple Content A1-A2),bottle,n.,A1
Category 2 (Simple Content A1-A2),brain,n.,A2
Category 2 (Simple Content A1-A2),break,"v., n.",A1
Category 2 (Simple Content A1-A2),breakfast,n.,A1
Category 2 (Simple Content A1-A2),bridge,n.,A2
Category 2 (Simple Content A1-A2),bottom,"n., adj.",A2
Category 2 (Simple Content A1-A2),broken,adj.,A2
Category 2 (Simple Content A1-A2),brown,"adj., n.",A1
Category 2 (Simple Content A1-A2),brush,"v., n.",A2
Category 2 (Simple Content A1-A2),build,v.,A1
Category 2 (Simple Content A1-A2),building,n.,A1
Category 2 (Simple Content A1-A2),bring,v.,A1
Category 2 (Simple Content A1-A2),brother,n.,A1
Category 2 (Simple Content A1-A2),burn,v.,A2
Category 2 (Simple Content A1-A2),bus,n.,A1
Category 2 (Simple Content A1-A2),business,n.,A1
Category 2 (Simple Content A1-A2),businessman,n.,A2
Category 2 (Simple Content A1-A2),buy,v.,A1
Category 2 (Simple Content A1-A2),cafe,n.,A1
Category 2 (Simple Content A1-A2),cake,n.,A1
Category 2 (Simple Content A1-A2),call,"v., n.",A1
Category 2 (Simple Content A1-A2),camera,n.,A1
Category 2 (Simple Content A1-A2),can modal,v.,A1
Category 2 (Simple Content A1-A2),cannot modal,v.,A1
Category 2 (Simple Content A1-A2),car,n.,A1
Category 2 (Simple Content A1-A2),card,n.,A1
Category 2 (Simple Content A1-A2),care,"n., v.",A2
Category 2 (Simple Content A1-A2),case,n.,A2
Category 2 (Simple Content A1-A2),cash,n.,A2
Category 2 (Simple Content A1-A2),castle,n.,A2
Category 2 (Simple Content A1-A2),cat,n.,A1
Category 2 (Simple Content A1-A2),catch,v.,A2
Category 2 (Simple Content A1-A2),cause,"n., v.",A2
Category 2 (Simple Content A1-A2),cent,n.,A1
Category 2 (Simple Content A1-A2),centre,n.,A1
Category 2 (Simple Content A1-A2),chair,n.,A1
Category 2 (Simple Content A1-A2),chart,n.,A1
Category 2 (Simple Content A1-A2),carrot,n.,A1
Category 2 (Simple Content A1-A2),carry,v.,A1
Category 2 (Simple Content A1-A2),cartoon,n.,A2
Category 2 (Simple Content A1-A2),celebrate,v.,A2
Category 2 (Simple Content A1-A2),celebrity,n.,A2
Category 2 (Simple Content A1-A2),century,n.,A1
Category 2 (Simple Content A1-A2),chance,n.,A2
Category 2 (Simple Content A1-A2),change,"v., n.",A1
Category 2 (Simple Content A1-A2),character,n.,A2
Category 2 (Simple Content A1-A2),chat,"v., n.",A2
Category 2 (Simple Content A1-A2),cheap,adj.,A1
Category 2 (Simple Content A1-A2),check,v.,A1
Category 2 (Simple Content A1-A2),check,n.,A2
Category 2 (Simple Content A1-A2),chef,n.,A2
Category 2 (Simple Content A1-A2),chemistry,n.,A2
Category 2 (Simple Content A1-A2),chicken,n.,A1
Category 2 (Simple Content A1-A2),child,n.,A1
Category 2 (Simple Content A1-A2),chip,n.,A2
Category 2 (Simple Content A1-A2),chocolate,n.,A1
Category 2 (Simple Content A1-A2),circle,"n., v.",A2
Category 2 (Simple Content A1-A2),city,n.,A1
Category 2 (Simple Content A1-A2),class,n.,A1
Category 2 (Simple Content A1-A2),classroom,n.,A1
Category 2 (Simple Content A1-A2),clean,"adj., v.",A1
Category 2 (Simple Content A1-A2),clear,adj.,A2
Category 2 (Simple Content A1-A2),climb,v.,A1
Category 2 (Simple Content A1-A2),clock,n.,A1
Category 2 (Simple Content A1-A2),close,v.,A1
Category 2 (Simple Content A1-A2),close,adj.,A2
Category 2 (Simple Content A1-A2),church,n.,A2
Category 2 (Simple Content A1-A2),cinema,n.,A1
Category 2 (Simple Content A1-A2),clearly,adv.,A2
Category 2 (Simple Content A1-A2),clever,adj.,A2
Category 2 (Simple Content A1-A2),climate,n.,A2
Category 2 (Simple Content A1-A2),closed,adj.,A2
Category 2 (Simple Content A1-A2),choice,n.,A2
Category 2 (Simple Content A1-A2),choose,v.,A1
Category 2 (Simple Content A1-A2),cigarette,n.,A2
Category 2 (Simple Content A1-A2),clothes,n.,A1
Category 2 (Simple Content A1-A2),clothing,n.,A2
Category 2 (Simple Content A1-A2),cloud,n.,A2
Category 2 (Simple Content A1-A2),club,n.,A1
Category 2 (Simple Content A1-A2),coach,n.,A2
Category 2 (Simple Content A1-A2),coast,n.,A2
Category 2 (Simple Content A1-A2),coat,n.,A1
Category 2 (Simple Content A1-A2),code,n.,A2
Category 2 (Simple Content A1-A2),coffee,n.,A1
Category 2 (Simple Content A1-A2),cold,"adj., n.",A1
Category 2 (Simple Content A1-A2),collect,v.,A2
Category 2 (Simple Content A1-A2),college,n.,A1
Category 2 (Simple Content A1-A2),colour,n.,A1
Category 2 (Simple Content A1-A2),come,v.,A1
Category 2 (Simple Content A1-A2),comedy,n.,A2
Category 2 (Simple Content A1-A2),company,n.,A1
Category 2 (Simple Content A1-A2),compare,v.,A1
Category 2 (Simple Content A1-A2),cook,v.,A1
Category 2 (Simple Content A1-A2),cook,n.,A2
Category 2 (Simple Content A1-A2),cooker,n.,A2
Category 2 (Simple Content A1-A2),cooking,n.,A1
Category 2 (Simple Content A1-A2),cool,adj.,A1
Category 2 (Simple Content A1-A2),copy,"n., v.",A2
Category 2 (Simple Content A1-A2),corner,n.,A2
Category 2 (Simple Content A1-A2),correct,"adj., v.",A1
Category 2 (Simple Content A1-A2),correctly,adv.,A2
Category 2 (Simple Content A1-A2),cost,"n., v.",A1
Category 2 (Simple Content A1-A2),could modal,v.,A1
Category 2 (Simple Content A1-A2),count,v.,A2
Category 2 (Simple Content A1-A2),country,n.,A1
Category 2 (Simple Content A1-A2),couple,n.,A2
Category 2 (Simple Content A1-A2),cousin,n.,A1
Category 2 (Simple Content A1-A2),cover,v.,A2
Category 2 (Simple Content A1-A2),cow,n.,A1
Category 2 (Simple Content A1-A2),crazy,adj.,A2
Category 2 (Simple Content A1-A2),create,v.,A1
Category 2 (Simple Content A1-A2),cream,n.,A1
Category 2 (Simple Content A1-A2),course,n.,A1
Category 2 (Simple Content A1-A2),crime,n.,A2
Category 2 (Simple Content A1-A2),cross,"v., n.",A2
Category 2 (Simple Content A1-A2),credit,n.,A2
Category 2 (Simple Content A1-A2),crowd,n.,A2
Category 2 (Simple Content A1-A2),cry,v.,A2
Category 2 (Simple Content A1-A2),cup,n.,A1
Category 2 (Simple Content A1-A2),curly,adj.,A2
Category 2 (Simple Content A1-A2),cupboard,n.,A2
Category 2 (Simple Content A1-A2),customer,n.,A1
Category 2 (Simple Content A1-A2),cut,v.,A1
Category 2 (Simple Content A1-A2),cycle,"n., v.",A2
Category 2 (Simple Content A1-A2),dad,n.,A1
Category 2 (Simple Content A1-A2),daily,adj.,A2
Category 2 (Simple Content A1-A2),dance,"n., v.",A1
Category 2 (Simple Content A1-A2),dancer,n.,A1
Category 2 (Simple Content A1-A2),danger,n.,A2
Category 2 (Simple Content A1-A2),dark,adj.,A1
Category 2 (Simple Content A1-A2),dark,n.,A2
Category 2 (Simple Content A1-A2),data,n.,A2
Category 2 (Simple Content A1-A2),date,n.,A1
Category 2 (Simple Content A1-A2),daughter,n.,A1
Category 2 (Simple Content A1-A2),day,n.,A1
Category 2 (Simple Content A1-A2),dead,adj.,A2
Category 2 (Simple Content A1-A2),deal,v.,A2
Category 2 (Simple Content A1-A2),dear,adj.,A1
Category 2 (Simple Content A1-A2),death,n.,A2
Category 2 (Simple Content A1-A2),dentist,n.,A2
Category 2 (Simple Content A1-A2),desk,n.,A1
Category 2 (Simple Content A1-A2),destroy,v.,A2
Category 2 (Simple Content A1-A2),device,n.,A2
Category 2 (Simple Content A1-A2),dialogue,n.,A1
Category 2 (Simple Content A1-A2),diary,n.,A2
Category 2 (Simple Content A1-A2),detail,n.,A1
Category 2 (Simple Content A1-A2),die,v.,A1
Category 2 (Simple Content A1-A2),diet,n.,A1
Category 2 (Simple Content A1-A2),dictionary,n.,A1
Category 2 (Simple Content A1-A2),dinner,n.,A1
Category 2 (Simple Content A1-A2),dirty,adj.,A1
Category 2 (Simple Content A1-A2),disagree,v.,A2
Category 2 (Simple Content A1-A2),disease,n.,A2
Category 2 (Simple Content A1-A2),dish,n.,A1
Category 2 (Simple Content A1-A2),desert,n.,A2
Category 2 (Simple Content A1-A2),design,"n., v.",A1
Category 2 (Simple Content A1-A2),difficult,adj.,A1
Category 2 (Simple Content A1-A2),discuss,v.,A1
Category 2 (Simple Content A1-A2),distance,n.,A2
Category 2 (Simple Content A1-A2),divorced,adj.,A2
Category 2 (Simple Content A1-A2),"do v., auxiliary",v.,A1
Category 2 (Simple Content A1-A2),doctor,n.,A1
Category 2 (Simple Content A1-A2),document,n.,A2
Category 2 (Simple Content A1-A2),dog,n.,A1
Category 2 (Simple Content A1-A2),dollar,n.,A1
Category 2 (Simple Content A1-A2),door,n.,A1
Category 2 (Simple Content A1-A2),download,"v., n.",A2
Category 2 (Simple Content A1-A2),downstairs,adv.,A1
Category 2 (Simple Content A1-A2),downstairs,adj.,A2
Category 2 (Simple Content A1-A2),drama,n.,A2
Category 2 (Simple Content A1-A2),draw,v.,A1
Category 2 (Simple Content A1-A2),drawing,n.,A2
Category 2 (Simple Content A1-A2),dream,"n., v.",A2
Category 2 (Simple Content A1-A2),dress,"n., v.",A1
Category 2 (Simple Content A1-A2),drink,"n., v.",A1
Category 2 (Simple Content A1-A2),drive,v.,A1
Category 2 (Simple Content A1-A2),drive,n.,A2
Category 2 (Simple Content A1-A2),driver,n.,A1
Category 2 (Simple Content A1-A2),driving,n.,A2
Category 2 (Simple Content A1-A2),drop,v.,A2
Category 2 (Simple Content A1-A2),dry,"adj., v.",A2
Category 2 (Simple Content A1-A2),ear,n.,A1
Category 2 (Simple Content A1-A2),early,"adj., adv.",A1
Category 2 (Simple Content A1-A2),earn,v.,A2
Category 2 (Simple Content A1-A2),earth,n.,A2
Category 2 (Simple Content A1-A2),easily,adv.,A2
Category 2 (Simple Content A1-A2),east,"n., adj., adv.",A1
Category 2 (Simple Content A1-A2),easy,adj.,A1
Category 2 (Simple Content A1-A2),eat,v.,A1
Category 2 (Simple Content A1-A2),education,n.,A2
Category 2 (Simple Content A1-A2),effect,n.,A2
Category 2 (Simple Content A1-A2),egg,n.,A1
Category 2 (Simple Content A1-A2),eight number,unknown,A1
Category 2 (Simple Content A1-A2),eighteen number,unknown,A1
Category 2 (Simple Content A1-A2),eighty number,unknown,A1
Category 2 (Simple Content A1-A2),eleven number,unknown,A1
Category 2 (Simple Content A1-A2),else,adv.,A1
Category 2 (Simple Content A1-A2),empty,adj.,A2
Category 2 (Simple Content A1-A2),end,"n., v.",A1
,eleven number,unknown,A1
Category 2 (Simple Content A1-A2),energy,n.,A2
Category 2 (Simple Content A1-A2),engine,n.,A2
Category 2 (Simple Content A1-A2),engineer,n.,A2
Category 2 (Simple Content A1-A2),enjoy,v.,A1
Category 2 (Simple Content A1-A2),enter,v.,A2
Category 2 (Simple Content A1-A2),error,n.,A2
Category 2 (Simple Content A1-A2),event,n.,A1
Category 2 (Simple Content A1-A2),ever,adv.,A1
Category 2 (Simple Content A1-A2),everyday,adj.,A2
Category 2 (Simple Content A1-A2),everywhere,adv.,A2
Category 2 (Simple Content A1-A2),exact,adj.,A2
Category 2 (Simple Content A1-A2),exactly,adv.,A2
Category 2 (Simple Content A1-A2),exam,n.,A1
,,,
Category 2 (Simple Content A1-A2),example,n.,A1
Category 2 (Simple Content A1-A2),excellent,adj.,A2
Category 2 (Simple Content A1-A2),exercise,"n., v.",A1
Category 2 (Simple Content A1-A2),exist,v.,A2
Category 2 (Simple Content A1-A2),expert,"n.,adj.",A2
Category 2 (Simple Content A1-A2),extra,adj.,A1
Category 2 (Simple Content A1-A2),eye,n.,A1
Category 2 (Simple Content A1-A2),face,n.,A1
Category 2 (Simple Content A1-A2),fact,n.,A1
Category 2 (Simple Content A1-A2),factor,n.,A2
Category 2 (Simple Content A1-A2),factory,n.,A2
Category 2 (Simple Content A1-A2),fail,v.,A2
Category 2 (Simple Content A1-A2),fair,adj.,A2
Category 2 (Simple Content A1-A2),fall,v.,A1
Category 2 (Simple Content A1-A2),fall,n.,A2
Category 2 (Simple Content A1-A2),FALSE,adj.,A1
Category 2 (Simple Content A1-A2),famous,adj.,A1
Category 2 (Simple Content A1-A2),fan,n.,A2
Category 2 (Simple Content A1-A2),far,adv.,A1
Category 2 (Simple Content A1-A2),farm,n.,A1
Category 2 (Simple Content A1-A2),farm,v.,A2
Category 2 (Simple Content A1-A2),farmer,n.,A1
Category 2 (Simple Content A1-A2),farming,n.,A2
Category 2 (Simple Content A1-A2),fashion,n.,A2
Category 2 (Simple Content A1-A2),fast,"adj., adv.",A1
Category 2 (Simple Content A1-A2),fat,adj.,A1
Category 2 (Simple Content A1-A2),fat,n.,A2
Category 2 (Simple Content A1-A2),family,"n., adj.",A1
Category 2 (Simple Content A1-A2),father,n.,A1
Category 2 (Simple Content A1-A2),fantastic,adj.,A1
Category 2 (Simple Content A1-A2),fear,n.,A2
Category 2 (Simple Content A1-A2),feed,v.,A2
Category 2 (Simple Content A1-A2),feel,v.,A1
Category 2 (Simple Content A1-A2),female,"adj., n.",A2
Category 2 (Simple Content A1-A2),festival,n.,A1
Category 2 (Simple Content A1-A2),field,n.,A2
Category 2 (Simple Content A1-A2),fifteen number,unknown,A1
Category 2 (Simple Content A1-A2),fifth number,unknown,A1
Category 2 (Simple Content A1-A2),fifty number,unknown,A1
Category 2 (Simple Content A1-A2),fight,"v., n.",A2
Category 2 (Simple Content A1-A2),figure,n.,A2
Category 2 (Simple Content A1-A2),fill,v.,A1
Category 2 (Simple Content A1-A2),film,n.,A1
Category 2 (Simple Content A1-A2),film,v.,A2
Category 2 (Simple Content A1-A2),final,adj.,A1
Category 2 (Simple Content A1-A2),final,n.,A2
Category 2 (Simple Content A1-A2),finally,adv.,A2
Category 2 (Simple Content A1-A2),find,v.,A1
Category 2 (Simple Content A1-A2),fine,adj.,A1
Category 2 (Simple Content A1-A2),finger,n.,A2
Category 2 (Simple Content A1-A2),finish,v.,A1
Category 2 (Simple Content A1-A2),finish,n.,A2
Category 2 (Simple Content A1-A2),fire,n.,A1
Category 2 (Simple Content A1-A2),first,n.,A2
Category 2 (Simple Content A1-A2),firstly,adv.,A2
Category 2 (Simple Content A1-A2),fish,n.,A1
Category 2 (Simple Content A1-A2),fish,v.,A2
Category 2 (Simple Content A1-A2),fishing,n.,A2
Category 2 (Simple Content A1-A2),fit,"v., adj.",A2
Category 2 (Simple Content A1-A2),five number,unknown,A1
Category 2 (Simple Content A1-A2),fix,v.,A2
Category 2 (Simple Content A1-A2),flat,n.,A1
Category 2 (Simple Content A1-A2),flat,adj.,A2
Category 2 (Simple Content A1-A2),flight,n.,A1
Category 2 (Simple Content A1-A2),floor,n.,A1
Category 2 (Simple Content A1-A2),flower,n.,A1
Category 2 (Simple Content A1-A2),flu,n.,A2
Category 2 (Simple Content A1-A2),fly,v.,A1
Category 2 (Simple Content A1-A2),fly,n.,A2
Category 2 (Simple Content A1-A2),flying,"n., adj.",A2
Category 2 (Simple Content A1-A2),food,n.,A1
Category 2 (Simple Content A1-A2),foot,n.,A1
Category 2 (Simple Content A1-A2),football,n.,A1
Category 2 (Simple Content A1-A2),forest,n.,A2
Category 2 (Simple Content A1-A2),forget,v.,A1
Category 2 (Simple Content A1-A2),form,"n., v.",A1
Category 2 (Simple Content A1-A2),formal,adj.,A2
Category 2 (Simple Content A1-A2),forty number,unknown,A1
Category 2 (Simple Content A1-A2),four number,unknown,A1
Category 2 (Simple Content A1-A2),fourteen number,unknown,A1
Category 2 (Simple Content A1-A2),fourth number,unknown,A1
Category 2 (Simple Content A1-A2),foreign,adj.,A2
Category 2 (Simple Content A1-A2),free,adj.,A1
Category 2 (Simple Content A1-A2),free,adv.,A2
Category 2 (Simple Content A1-A2),fresh,adj.,A2
Category 2 (Simple Content A1-A2),fridge,n.,A2
Category 2 (Simple Content A1-A2),friend,n.,A1
Category 2 (Simple Content A1-A2),frog,n.,A2
Category 2 (Simple Content A1-A2),front,"n., adj.",A1
Category 2 (Simple Content A1-A2),fruit,n.,A1
Category 2 (Simple Content A1-A2),full,adj.,A1
Category 2 (Simple Content A1-A2),fun,n.,A1
Category 2 (Simple Content A1-A2),fun,adj.,A2
Category 2 (Simple Content A1-A2),gap,n.,A2
Category 2 (Simple Content A1-A2),garden,n.,A1
Category 2 (Simple Content A1-A2),gas,n.,A2
Category 2 (Simple Content A1-A2),gate,n.,A2
Category 2 (Simple Content A1-A2),geography,n.,A1
Category 2 (Simple Content A1-A2),get,v.,A1
Category 2 (Simple Content A1-A2),gift,n.,A2
Category 2 (Simple Content A1-A2),girl,n.,A1
Category 2 (Simple Content A1-A2),girlfriend,n.,A1
Category 2 (Simple Content A1-A2),give,v.,A1
Category 2 (Simple Content A1-A2),glass,n.,A1
Category 2 (Simple Content A1-A2),go,v.,A1
Category 2 (Simple Content A1-A2),goal,n.,A2
Category 2 (Simple Content A1-A2),god,n.,A2
Category 2 (Simple Content A1-A2),gold,"n., adj.",A2
Category 2 (Simple Content A1-A2),golf,n.,A2
Category 2 (Simple Content A1-A2),good,adj.,A1
Category 2 (Simple Content A1-A2),good,n.,A2
Category 2 (Simple Content A1-A2),game,n.,A1
Category 2 (Simple Content A1-A2),government,n.,A2
Category 2 (Simple Content A1-A2),grandfather,n.,A1
Category 2 (Simple Content A1-A2),grandmother,n.,A1
Category 2 (Simple Content A1-A2),grandparent,n.,A1
Category 2 (Simple Content A1-A2),grass,n.,A2
Category 2 (Simple Content A1-A2),great,adj.,A1
Category 2 (Simple Content A1-A2),green,"adj., n.",A1
Category 2 (Simple Content A1-A2),grey,"adj., n.",A1
Category 2 (Simple Content A1-A2),ground,n.,A2
Category 2 (Simple Content A1-A2),group,n.,A1
Category 2 (Simple Content A1-A2),grow,v.,A1
Category 2 (Simple Content A1-A2),guess,"v., n.",A1
Category 2 (Simple Content A1-A2),guest,n.,A2
Category 2 (Simple Content A1-A2),guitar,n.,A1
Category 2 (Simple Content A1-A2),gun,n.,A2
Category 2 (Simple Content A1-A2),guy,n.,A2
Category 2 (Simple Content A1-A2),hair,n.,A1
Category 2 (Simple Content A1-A2),half,adv.,A2
Category 2 (Simple Content A1-A2),hall,n.,A2
Category 2 (Simple Content A1-A2),hand,n.,A1
Category 2 (Simple Content A1-A2),happen,v.,A1
Category 2 (Simple Content A1-A2),happily,adv.,A2
Category 2 (Simple Content A1-A2),happy,adj.,A1
Category 2 (Simple Content A1-A2),hard,"adj., adv.",A1
Category 2 (Simple Content A1-A2),hat,n.,A1
Category 2 (Simple Content A1-A2),hate,v.,A1
Category 2 (Simple Content A1-A2),have auxiliary,v.,A2
Category 2 (Simple Content A1-A2),have to modal,v.,A1
Category 2 (Simple Content A1-A2),head,n.,A1
Category 2 (Simple Content A1-A2),headache,n.,A2
Category 2 (Simple Content A1-A2),health,n.,A1
Category 2 (Simple Content A1-A2),healthy,adj.,A1
Category 2 (Simple Content A1-A2),hear,v.,A1
Category 2 (Simple Content A1-A2),heart,n.,A2
Category 2 (Simple Content A1-A2),heat,"n., v.",A2
Category 2 (Simple Content A1-A2),heavy,adj.,A2
Category 2 (Simple Content A1-A2),height,n.,A2
Category 2 (Simple Content A1-A2),help,"v., n.",A1
Category 2 (Simple Content A1-A2),helpful,adj.,A2
Category 2 (Simple Content A1-A2),hero,n.,A2
Category 2 (Simple Content A1-A2),hide,v.,A2
Category 2 (Simple Content A1-A2),high,adj.,A1
Category 2 (Simple Content A1-A2),high,adv.,A2
Category 2 (Simple Content A1-A2),hill,n.,A2
Category 2 (Simple Content A1-A2),history,n.,A1
Category 2 (Simple Content A1-A2),hit,"v., n.",A2
Category 2 (Simple Content A1-A2),hobby,n.,A1
Category 2 (Simple Content A1-A2),hockey,n.,A2
Category 2 (Simple Content A1-A2),hold,v.,A2
Category 2 (Simple Content A1-A2),hole,n.,A2
Category 2 (Simple Content A1-A2),holiday,n.,A1
Category 2 (Simple Content A1-A2),home,"n., adv.",A1
Category 2 (Simple Content A1-A2),home,adj.,A2
Category 2 (Simple Content A1-A2),homework,n.,A1
Category 2 (Simple Content A1-A2),hope,v.,A1
Category 2 (Simple Content A1-A2),hope,n.,A2
Category 2 (Simple Content A1-A2),horse,n.,A1
Category 2 (Simple Content A1-A2),hospital,n.,A1
Category 2 (Simple Content A1-A2),hot,adj.,A1
Category 2 (Simple Content A1-A2),hotel,n.,A1
Category 2 (Simple Content A1-A2),hour,n.,A1
Category 2 (Simple Content A1-A2),house,n.,A1
Category 2 (Simple Content A1-A2),huge,adj.,A2
Category 2 (Simple Content A1-A2),human,"adj., n.",A2
Category 2 (Simple Content A1-A2),hundred number,unknown,A1
Category 2 (Simple Content A1-A2),hungry,adj.,A1
Category 2 (Simple Content A1-A2),hurt,"v., adj.",A2
Category 2 (Simple Content A1-A2),husband,n.,A1
Category 2 (Simple Content A1-A2),ice,n.,A1
Category 2 (Simple Content A1-A2),ice cream,n.,A1
Category 2 (Simple Content A1-A2),idea,n.,A1
Category 2 (Simple Content A1-A2),ideal,adj.,A2
Category 2 (Simple Content A1-A2),ill,adj.,A2
Category 2 (Simple Content A1-A2),illness,n.,A2
Category 2 (Simple Content A1-A2),image,n.,A2
Category 2 (Simple Content A1-A2),imagine,v.,A1
Category 2 (Simple Content A1-A2),injury,n.,A2
Category 2 (Simple Content A1-A2),insect,n.,A2
Category 2 (Simple Content A1-A2),internet,n.,A1
Category 2 (Simple Content A1-A2),interview,"n., v.",A1
Category 2 (Simple Content A1-A2),introduce,v.,A1
Category 2 (Simple Content A1-A2),introduction,n.,A2
Category 2 (Simple Content A1-A2),invitation,n.,A2
Category 2 (Simple Content A1-A2),invite,v.,A2
Category 2 (Simple Content A1-A2),island,n.,A1
Category 2 (Simple Content A1-A2),item,n.,A2
Category 2 (Simple Content A1-A2),jacket,n.,A1
Category 2 (Simple Content A1-A2),jeans,n.,A1
Category 2 (Simple Content A1-A2),jewellery,n.,A2
Category 2 (Simple Content A1-A2),job,n.,A1
Category 2 (Simple Content A1-A2),join,v.,A1
Category 2 (Simple Content A1-A2),joke,"n., v.",A2
Category 2 (Simple Content A1-A2),journalist,n.,A2
Category 2 (Simple Content A1-A2),journey,n.,A1
Category 2 (Simple Content A1-A2),juice,n.,A1
Category 2 (Simple Content A1-A2),jump,"v., n.",A2
Category 2 (Simple Content A1-A2),keep,v.,A1
Category 2 (Simple Content A1-A2),key,"n., adj.",A1
Category 2 (Simple Content A1-A2),kid,n.,A2
Category 2 (Simple Content A1-A2),kill,v.,A2
Category 2 (Simple Content A1-A2),kilometre,n.,A1
Category 2 (Simple Content A1-A2),kind (type),n.,A1
Category 2 (Simple Content A1-A2),king,n.,A2
Category 2 (Simple Content A1-A2),kitchen,n.,A1
Category 2 (Simple Content A1-A2),knee,n.,A2
Category 2 (Simple Content A1-A2),knife,n.,A2
Category 2 (Simple Content A1-A2),knowledge,n.,A2
Category 2 (Simple Content A1-A2),lab,n.,A2
Category 2 (Simple Content A1-A2),lady,n.,A2
Category 2 (Simple Content A1-A2),lake,n.,A2
Category 2 (Simple Content A1-A2),lamp,n.,A2
Category 2 (Simple Content A1-A2),land,n.,A1
Category 2 (Simple Content A1-A2),land,v.,A2
Category 2 (Simple Content A1-A2),language,n.,A1
Category 2 (Simple Content A1-A2),laptop,n.,A2
Category 2 (Simple Content A1-A2),large,adj.,A1
Category 2 (Simple Content A1-A2),last (final),"adv., n.",A2
Category 2 (Simple Content A1-A2),last (taking time),v.,A2
Category 2 (Simple Content A1-A2),late,"adj., adv.",A1
Category 2 (Simple Content A1-A2),later,adv.,A1
Category 2 (Simple Content A1-A2),later,adj.,A2
Category 2 (Simple Content A1-A2),lazy,adj.,A2
Category 2 (Simple Content A1-A2),lead,v.,A2
Category 2 (Simple Content A1-A2),leave,v.,A1
Category 2 (Simple Content A1-A2),left,"adj., adv., n.",A1
Category 2 (Simple Content A1-A2),leg,n.,A1
Category 2 (Simple Content A1-A2),lemon,n.,A2
Category 2 (Simple Content A1-A2),lesson,n.,A1
Category 2 (Simple Content A1-A2),let,v.,A1
Category 2 (Simple Content A1-A2),letter,n.,A1
Category 2 (Simple Content A1-A2),level,n.,A2
Category 2 (Simple Content A1-A2),library,n.,A1
Category 2 (Simple Content A1-A2),lie,v.,A1
Category 2 (Simple Content A1-A2),life,n.,A1
Category 2 (Simple Content A1-A2),lifestyle,n.,A2
Category 2 (Simple Content A1-A2),lift,"v., n.",A2
Category 2 (Simple Content A1-A2),light (from the sun/a lamp),"n., adj.",A1
Category 2 (Simple Content A1-A2),light (from the sun/a lamp),v.,A2
Category 2 (Simple Content A1-A2),light (not heavy),adj.,A2
Category 2 (Simple Content A1-A2),like (find sb/sth pleasant),v.,A1
Category 2 (Simple Content A1-A2),lion,n.,A1
Category 2 (Simple Content A1-A2),list,"n., v.",A1
Category 2 (Simple Content A1-A2),listen,v.,A1
,,,
Category 2 (Simple Content A1-A2),little,adv.,A2
Category 2 (Simple Content A1-A2),live,v.,A1
Category 2 (Simple Content A1-A2),local,adj.,A1
Category 2 (Simple Content A1-A2),lock,"v., n.",A2
Category 2 (Simple Content A1-A2),long,"adj., adv.",A1
Category 2 (Simple Content A1-A2),look,v.,A1
Category 2 (Simple Content A1-A2),look,n.,A2
Category 2 (Simple Content A1-A2),lorry,n.,A2
Category 2 (Simple Content A1-A2),lose,v.,A1
Category 2 (Simple Content A1-A2),lost,adj.,A2
Category 2 (Simple Content A1-A2),loud,"adj., adv.",A2
Category 2 (Simple Content A1-A2),loudly,adv.,A2
Category 2 (Simple Content A1-A2),love,"n., v.",A1
Category 2 (Simple Content A1-A2),lovely,adj.,A2
Category 2 (Simple Content A1-A2),low,"adj., adv.",A2
Category 2 (Simple Content A1-A2),luck,n.,A2
Category 2 (Simple Content A1-A2),lucky,adj.,A2
Category 2 (Simple Content A1-A2),lunch,n.,A1
Category 2 (Simple Content A1-A2),mail,"n., v.",A2
Category 2 (Simple Content A1-A2),main,adj.,A1
Category 2 (Simple Content A1-A2),make,v.,A1
Category 2 (Simple Content A1-A2),male,"adj., n.",A2
Category 2 (Simple Content A1-A2),man,n.,A1
Category 2 (Simple Content A1-A2),map,n.,A1
Category 2 (Simple Content A1-A2),mark,"v., n.",A2
Category 2 (Simple Content A1-A2),market,n.,A1
Category 2 (Simple Content A1-A2),married,adj.,A1
Category 2 (Simple Content A1-A2),marry,v.,A2
Category 2 (Simple Content A1-A2),material,n.,A2
Category 2 (Simple Content A1-A2),mathematics,n.,A2
Category 2 (Simple Content A1-A2),maths,n.,A2
Category 2 (Simple Content A1-A2),may modal,v.,A2
Category 2 (Simple Content A1-A2),meal,n.,A1
Category 2 (Simple Content A1-A2),meaning,n.,A1
Category 2 (Simple Content A1-A2),meat,n.,A1
Category 2 (Simple Content A1-A2),media,n.,A2
Category 2 (Simple Content A1-A2),medical,adj.,A2
Category 2 (Simple Content A1-A2),medicine,n.,A2
Category 2 (Simple Content A1-A2),menu,n.,A1
Category 2 (Simple Content A1-A2),message,n.,A1
Category 2 (Simple Content A1-A2),metal,n.,A2
Category 2 (Simple Content A1-A2),method,n.,A2
Category 2 (Simple Content A1-A2),metre,n.,A1
Category 2 (Simple Content A1-A2),middle,"n., adj.",A2
Category 2 (Simple Content A1-A2),midnight,n.,A1
Category 2 (Simple Content A1-A2),might modal,v.,A2
Category 2 (Simple Content A1-A2),milk,n.,A1
Category 2 (Simple Content A1-A2),minute,n.,A1
Category 2 (Simple Content A1-A2),mirror,n.,A2
Category 2 (Simple Content A1-A2),miss,v.,A1
Category 2 (Simple Content A1-A2),missing,adj.,A2
Category 2 (Simple Content A1-A2),mistake,n.,A1
Category 2 (Simple Content A1-A2),mobile,"adj., n.",A2
Category 2 (Simple Content A1-A2),model,n.,A1
Category 2 (Simple Content A1-A2),money,n.,A1
Category 2 (Simple Content A1-A2),monkey,n.,A2
Category 2 (Simple Content A1-A2),month,n.,A1
Category 2 (Simple Content A1-A2),moon,n.,A2
Category 2 (Simple Content A1-A2),morning,n.,A1
Category 2 (Simple Content A1-A2),mother,n.,A1
Category 2 (Simple Content A1-A2),motorcycle,n.,A2
Category 2 (Simple Content A1-A2),mountain,n.,A1
Category 2 (Simple Content A1-A2),mouse,n.,A1
Category 2 (Simple Content A1-A2),mouth,n.,A1
Category 2 (Simple Content A1-A2),move,v.,A1
Category 2 (Simple Content A1-A2),movie,n.,A1
Category 2 (Simple Content A1-A2),mum,n.,A1
Category 2 (Simple Content A1-A2),museum,n.,A1
Category 2 (Simple Content A1-A2),music,n.,A1
Category 2 (Simple Content A1-A2),musical,adj.,A2
Category 2 (Simple Content A1-A2),must modal,v.,A1
Category 2 (Simple Content A1-A2),name,"n., v.",A1
Category 2 (Simple Content A1-A2),narrow,adj.,A2
Category 2 (Simple Content A1-A2),national,adj.,A2
Category 2 (Simple Content A1-A2),natural,adj.,A1
Category 2 (Simple Content A1-A2),nature,n.,A2
Category 2 (Simple Content A1-A2),neck,n.,A2
Category 2 (Simple Content A1-A2),need,v.,A1
Category 2 (Simple Content A1-A2),need,n.,A2
Category 2 (Simple Content A1-A2),negative,adj.,A1
Category 2 (Simple Content A1-A2),neighbour,n.,A1
Category 2 (Simple Content A1-A2),nine number,unknown,A1
Category 2 (Simple Content A1-A2),nineteen number,unknown,A1
Category 2 (Simple Content A1-A2),ninety number,unknown,A1
Category 2 (Simple Content A1-A2),noise,n.,A2
Category 2 (Simple Content A1-A2),normal,adj.,A2
Category 2 (Simple Content A1-A2),normally,adv.,A2
Category 2 (Simple Content A1-A2),north,"n., adj., adv.",A1
Category 2 (Simple Content A1-A2),nose,n.,A1
Category 2 (Simple Content A1-A2),not,adv.,A1
Category 2 (Simple Content A1-A2),note,n.,A1
Category 2 (Simple Content A1-A2),novel,n.,A2
Category 2 (Simple Content A1-A2),number,n.,A1
Category 2 (Simple Content A1-A2),number,v.,A2
Category 2 (Simple Content A1-A2),nurse,n.,A1
Category 2 (Simple Content A1-A2),nut,n.,A2
Category 2 (Simple Content A1-A2),object,n.,A1
Category 2 (Simple Content A1-A2),ocean,n.,A2
Category 2 (Simple Content A1-A2),offer,"v., n.",A2
Category 2 (Simple Content A1-A2),office,n.,A1
Category 2 (Simple Content A1-A2),officer,n.,A2
Category 2 (Simple Content A1-A2),oil,n.,A2
Category 2 (Simple Content A1-A2),old,adj.,A1
Category 2 (Simple Content A1-A2),onion,n.,A1
Category 2 (Simple Content A1-A2),online,"adj., adv.",A1
Category 2 (Simple Content A1-A2),open,"adj., v.",A1
Category 2 (Simple Content A1-A2),option,n.,A2
Category 2 (Simple Content A1-A2),orange,"n., adj.",A1
Category 2 (Simple Content A1-A2),order,"n., v.",A1
Category 2 (Simple Content A1-A2),original,adj.,A2
Category 2 (Simple Content A1-A2),outside,adv.,A1
Category 2 (Simple Content A1-A2),own,v.,A2
Category 2 (Simple Content A1-A2),o’clock,adv.,A1
Category 2 (Simple Content A1-A2),page,n.,A1
Category 2 (Simple Content A1-A2),pain,n.,A2
Category 2 (Simple Content A1-A2),paint,"v., n.",A1
Category 2 (Simple Content A1-A2),painter,n.,A2
Category 2 (Simple Content A1-A2),painting,n.,A1
Category 2 (Simple Content A1-A2),pair,n.,A1
Category 2 (Simple Content A1-A2),palace,n.,A2
Category 2 (Simple Content A1-A2),pants,n.,A2
Category 2 (Simple Content A1-A2),paper,n.,A1
Category 2 (Simple Content A1-A2),parent,n.,A1
Category 2 (Simple Content A1-A2),park,"n., v.",A1
Category 2 (Simple Content A1-A2),parking,n.,A2
Category 2 (Simple Content A1-A2),part,n.,A1
Category 2 (Simple Content A1-A2),partner,n.,A1
Category 2 (Simple Content A1-A2),party,n.,A1
Category 2 (Simple Content A1-A2),pass,v.,A2
Category 2 (Simple Content A1-A2),pay,v.,A1
Category 2 (Simple Content A1-A2),pay,n.,A2
Category 2 (Simple Content A1-A2),pen,n.,A1
Category 2 (Simple Content A1-A2),pencil,n.,A1
Category 2 (Simple Content A1-A2),people,n.,A1
Category 2 (Simple Content A1-A2),perfect,adj.,A1
Category 2 (Simple Content A1-A2),period,n.,A1
Category 2 (Simple Content A1-A2),person,n.,A1
Category 2 (Simple Content A1-A2),personal,adj.,A1
Category 2 (Simple Content A1-A2),pet,n.,A2
Category 2 (Simple Content A1-A2),petrol,n.,A2
Category 2 (Simple Content A1-A2),phone,"n., v.",A1
Category 2 (Simple Content A1-A2),photo,n.,A1
Category 2 (Simple Content A1-A2),photograph,n.,A1
Category 2 (Simple Content A1-A2),photograph,v.,A2
Category 2 (Simple Content A1-A2),physical,adj.,A2
Category 2 (Simple Content A1-A2),physics,n.,A2
Category 2 (Simple Content A1-A2),pick,v.,A2
Category 2 (Simple Content A1-A2),pig,n.,A1
Category 2 (Simple Content A1-A2),pink,"adj., n.",A1
Category 2 (Simple Content A1-A2),place,n.,A1
Category 2 (Simple Content A1-A2),plan,"n., v.",A1
Category 2 (Simple Content A1-A2),plane,n.,A1
Category 2 (Simple Content A1-A2),planet,n.,A2
Category 2 (Simple Content A1-A2),plant,n.,A1
Category 2 (Simple Content A1-A2),plant,v.,A2
Category 2 (Simple Content A1-A2),plastic,"n., adj.",A2
Category 2 (Simple Content A1-A2),plate,n.,A2
Category 2 (Simple Content A1-A2),play,"v., n.",A1
Category 2 (Simple Content A1-A2),player,n.,A1
Category 2 (Simple Content A1-A2),pocket,n.,A2
Category 2 (Simple Content A1-A2),police,n.,A1
Category 2 (Simple Content A1-A2),policeman,n.,A1
Category 2 (Simple Content A1-A2),pool,n.,A1
Category 2 (Simple Content A1-A2),poor,adj.,A1
Category 2 (Simple Content A1-A2),pop,"n., adj.",A2
Category 2 (Simple Content A1-A2),pollution,n.,A2
Category 2 (Simple Content A1-A2),post,"n., v.",A1
Category 2 (Simple Content A1-A2),poster,n.,A2
Category 2 (Simple Content A1-A2),potato,n.,A1
Category 2 (Simple Content A1-A2),practice,n.,A1
Category 2 (Simple Content A1-A2),practise,v.,A1
Category 2 (Simple Content A1-A2),popular,adj.,A1
Category 2 (Simple Content A1-A2),population,n.,A2
Category 2 (Simple Content A1-A2),position,n.,A2
Category 2 (Simple Content A1-A2),positive,adj.,A1
Category 2 (Simple Content A1-A2),price,n.,A1
Category 2 (Simple Content A1-A2),print,v.,A2
Category 2 (Simple Content A1-A2),printer,n.,A2
Category 2 (Simple Content A1-A2),prison,n.,A2
Category 2 (Simple Content A1-A2),prize,n.,A2
Category 2 (Simple Content A1-A2),problem,n.,A1
Category 2 (Simple Content A1-A2),product,n.,A1
Category 2 (Simple Content A1-A2),professor,n.,A2
Category 2 (Simple Content A1-A2),profile,n.,A2
Category 2 (Simple Content A1-A2),protect,v.,A2
Category 2 (Simple Content A1-A2),pub,n.,A2
Category 2 (Simple Content A1-A2),public,"adj., n.",A2
Category 2 (Simple Content A1-A2),pull,v.,A2
Category 2 (Simple Content A1-A2),purple,"adj., n.",A1
Category 2 (Simple Content A1-A2),push,v.,A2
Category 2 (Simple Content A1-A2),put,v.,A1
Category 2 (Simple Content A1-A2),promise,"v., n.",A2
Category 2 (Simple Content A1-A2),quality,n.,A2
Category 2 (Simple Content A1-A2),quarter,n.,A1
Category 2 (Simple Content A1-A2),queen,n.,A2
Category 2 (Simple Content A1-A2),question,n.,A1
Category 2 (Simple Content A1-A2),question,v.,A2
Category 2 (Simple Content A1-A2),quick,adj.,A1
Category 2 (Simple Content A1-A2),quickly,adv.,A1
Category 2 (Simple Content A1-A2),quiet,adj.,A1
Category 2 (Simple Content A1-A2),quietly,adv.,A2
Category 2 (Simple Content A1-A2),race (competition),"n., v.",A2
Category 2 (Simple Content A1-A2),radio,n.,A1
Category 2 (Simple Content A1-A2),railway,n.,A2
Category 2 (Simple Content A1-A2),rain,"n., v.",A1
Category 2 (Simple Content A1-A2),raise,v.,A2
Category 2 (Simple Content A1-A2),rate,n.,A2
Category 2 (Simple Content A1-A2),read,v.,A1
Category 2 (Simple Content A1-A2),reader,n.,A1
Category 2 (Simple Content A1-A2),reading,n.,A1
Category 2 (Simple Content A1-A2),ready,adj.,A1
Category 2 (Simple Content A1-A2),real,adj.,A1
Category 2 (Simple Content A1-A2),really,adv.,A1
Category 2 (Simple Content A1-A2),reason,n.,A1
Category 2 (Simple Content A1-A2),receive,v.,A2
Category 2 (Simple Content A1-A2),recent,adj.,A2
Category 2 (Simple Content A1-A2),recently,adv.,A2
Category 2 (Simple Content A1-A2),record,"n., v.",A2
Category 2 (Simple Content A1-A2),react,v.,A2
Category 2 (Simple Content A1-A2),recording,n.,A2
Category 2 (Simple Content A1-A2),red,"adj., n.",A1
Category 2 (Simple Content A1-A2),reduce,v.,A2
Category 2 (Simple Content A1-A2),relationship,n.,A2
Category 2 (Simple Content A1-A2),relax,v.,A1
Category 2 (Simple Content A1-A2),remove,v.,A2
Category 2 (Simple Content A1-A2),repair,v.,A2
Category 2 (Simple Content A1-A2),reply,"v., n.",A2
Category 2 (Simple Content A1-A2),request,n.,A2
Category 2 (Simple Content A1-A2),respond,v.,A2
Category 2 (Simple Content A1-A2),rest (remaining part),n.,A2
Category 2 (Simple Content A1-A2),rest (sleep/relax),"n., v.",A2
Category 2 (Simple Content A1-A2),result,n.,A1
Category 2 (Simple Content A1-A2),return,"v., n.",A1
Category 2 (Simple Content A1-A2),rice,n.,A1
Category 2 (Simple Content A1-A2),rich,adj.,A1
Category 2 (Simple Content A1-A2),ride,v.,A1
Category 2 (Simple Content A1-A2),ride,n.,A2
Category 2 (Simple Content A1-A2),right,"adj., adv., n.",A1
Category 2 (Simple Content A1-A2),ring,n.,A2
Category 2 (Simple Content A1-A2),repeat,v.,A1
Category 2 (Simple Content A1-A2),replace,v.,A2
Category 2 (Simple Content A1-A2),reporter,n.,A2
Category 2 (Simple Content A1-A2),restaurant,n.,A1
Category 2 (Simple Content A1-A2),rise,v.,A2
Category 2 (Simple Content A1-A2),road,n.,A1
Category 2 (Simple Content A1-A2),rock (music),n.,A2
Category 2 (Simple Content A1-A2),role,n.,A2
Category 2 (Simple Content A1-A2),roof,n.,A2
Category 2 (Simple Content A1-A2),route,n.,A2
Category 2 (Simple Content A1-A2),routine,n.,A1
Category 2 (Simple Content A1-A2),rubbish,n.,A2
Category 2 (Simple Content A1-A2),rude,adj.,A2
Category 2 (Simple Content A1-A2),rule,n.,A1
Category 2 (Simple Content A1-A2),run,v.,A1
Category 2 (Simple Content A1-A2),ring,v.,A2
Category 2 (Simple Content A1-A2),river,n.,A1
Category 2 (Simple Content A1-A2),rock (stone),n.,A2
Category 2 (Simple Content A1-A2),room,n.,A1
Category 2 (Simple Content A1-A2),run,n.,A2
Category 2 (Simple Content A1-A2),runner,n.,A2
Category 2 (Simple Content A1-A2),running,n.,A2
Category 2 (Simple Content A1-A2),sad,adj.,A1
Category 2 (Simple Content A1-A2),sadly,adv.,A2
Category 2 (Simple Content A1-A2),safe,adj.,A2
Category 2 (Simple Content A1-A2),salary,n.,A2
Category 2 (Simple Content A1-A2),sale,n.,A2
Category 2 (Simple Content A1-A2),salt,n.,A1
Category 2 (Simple Content A1-A2),sandwich,n.,A1
Category 2 (Simple Content A1-A2),sauce,n.,A2
Category 2 (Simple Content A1-A2),save,v.,A2
Category 2 (Simple Content A1-A2),say,v.,A1
Category 2 (Simple Content A1-A2),scary,adj.,A2
Category 2 (Simple Content A1-A2),scene,n.,A2
Category 2 (Simple Content A1-A2),school,n.,A1
Category 2 (Simple Content A1-A2),science,n.,A1
Category 2 (Simple Content A1-A2),scientist,n.,A1
Category 2 (Simple Content A1-A2),score,"v., n.",A2
Category 2 (Simple Content A1-A2),screen,n.,A2
Category 2 (Simple Content A1-A2),sea,n.,A1
Category 2 (Simple Content A1-A2),search,"n., v.",A2
Category 2 (Simple Content A1-A2),seat,n.,A2
Category 2 (Simple Content A1-A2),second (next after the first),adv.,A2
Category 2 (Simple Content A1-A2),second (unit of time),n.,A1
Category 2 (Simple Content A1-A2),secret,"adj., n.",A2
Category 2 (Simple Content A1-A2),see,v.,A1
Category 2 (Simple Content A1-A2),seem,v.,A2
Category 2 (Simple Content A1-A2),sell,v.,A1
Category 2 (Simple Content A1-A2),send,v.,A1
Category 2 (Simple Content A1-A2),sentence,n.,A1
Category 2 (Simple Content A1-A2),shake,v.,A2
Category 2 (Simple Content A1-A2),shape,n.,A2
Category 2 (Simple Content A1-A2),share,v.,A1
Category 2 (Simple Content A1-A2),sheep,n.,A1
Category 2 (Simple Content A1-A2),ship,n.,A2
Category 2 (Simple Content A1-A2),shirt,n.,A1
Category 2 (Simple Content A1-A2),shoe,n.,A1
Category 2 (Simple Content A1-A2),shop,"n., v.",A1
Category 2 (Simple Content A1-A2),seven number,unknown,A1
Category 2 (Simple Content A1-A2),seventeen number,unknown,A1
Category 2 (Simple Content A1-A2),seventy number,unknown,A1
Category 2 (Simple Content A1-A2),sir,n.,A2
Category 2 (Simple Content A1-A2),sister,n.,A1
Category 2 (Simple Content A1-A2),sit,v.,A1
Category 2 (Simple Content A1-A2),site,n.,A2
Category 2 (Simple Content A1-A2),six number,unknown,A1
Category 2 (Simple Content A1-A2),sixteen number,unknown,A1
Category 2 (Simple Content A1-A2),sixty number,unknown,A1
Category 2 (Simple Content A1-A2),size,n.,A2
Category 2 (Simple Content A1-A2),skill,n.,A1
Category 2 (Simple Content A1-A2),skin,n.,A2
Category 2 (Simple Content A1-A2),sky,n.,A2
Category 2 (Simple Content A1-A2),sleep,v.,A1
Category 2 (Simple Content A1-A2),sleep,n.,A2
Category 2 (Simple Content A1-A2),slow,adj.,A1
Category 2 (Simple Content A1-A2),slowly,adv.,A2
Category 2 (Simple Content A1-A2),small,adj.,A1
Category 2 (Simple Content A1-A2),smartphone,n.,A2
Category 2 (Simple Content A1-A2),smell,"v., n.",A2
Category 2 (Simple Content A1-A2),smile,"v., n.",A2
Category 2 (Simple Content A1-A2),smoke,"n., v.",A2
Category 2 (Simple Content A1-A2),smoking,n.,A2
Category 2 (Simple Content A1-A2),snake,n.,A1
Category 2 (Simple Content A1-A2),snow,"n., v.",A1
Category 2 (Simple Content A1-A2),soap,n.,A2
Category 2 (Simple Content A1-A2),soccer,n.,A2
Category 2 (Simple Content A1-A2),soft,adj.,A2
Category 2 (Simple Content A1-A2),soldier,n.,A2
Category 2 (Simple Content A1-A2),solve,v.,A2
Category 2 (Simple Content A1-A2),son,n.,A1
Category 2 (Simple Content A1-A2),song,n.,A1
Category 2 (Simple Content A1-A2),sort,n.,A2
Category 2 (Simple Content A1-A2),sound,"n., v.",A1
Category 2 (Simple Content A1-A2),soup,n.,A1
Category 2 (Simple Content A1-A2),south,"n., adj., adv.",A1
Category 2 (Simple Content A1-A2),space,n.,A1
Category 2 (Simple Content A1-A2),speak,v.,A1
Category 2 (Simple Content A1-A2),speed,n.,A2
Category 2 (Simple Content A1-A2),spell,v.,A1
Category 2 (Simple Content A1-A2),stair,n.,A2
Category 2 (Simple Content A1-A2),stay,v.,A1
Category 2 (Simple Content A1-A2),stay,n.,A2
Category 2 (Simple Content A1-A2),step,n.,A2
Category 2 (Simple Content A1-A2),stomach,n.,A2
Category 2 (Simple Content A1-A2),stone,n.,A2
Category 2 (Simple Content A1-A2),stop,"v., n.",A1
Category 2 (Simple Content A1-A2),store,n.,A2
Category 2 (Simple Content A1-A2),story,n.,A1
Category 2 (Simple Content A1-A2),street,n.,A1
Category 2 (Simple Content A1-A2),stress,"n., v.",A2
Category 2 (Simple Content A1-A2),strong,adj.,A1
Category 2 (Simple Content A1-A2),student,n.,A1
Category 2 (Simple Content A1-A2),study,"n., v.",A1
Category 2 (Simple Content A1-A2),stupid,adj.,A2
Category 2 (Simple Content A1-A2),style,n.,A1
Category 2 (Simple Content A1-A2),subject,n.,A1
Category 2 (Simple Content A1-A2),succeed,v.,A2
Category 2 (Simple Content A1-A2),supermarket,n.,A1
Category 2 (Simple Content A1-A2),surprise,"n., v.",A2
Category 2 (Simple Content A1-A2),swimming,n.,A1
Category 2 (Simple Content A1-A2),system,n.,A2
Category 2 (Simple Content A1-A2),table,n.,A1
Category 2 (Simple Content A1-A2),tablet,n.,A2
Category 2 (Simple Content A1-A2),take,v.,A1
Category 2 (Simple Content A1-A2),talk,v.,A1
Category 2 (Simple Content A1-A2),talk,n.,A2
Category 2 (Simple Content A1-A2),tall,adj.,A1
Category 2 (Simple Content A1-A2),target,n.,A2
Category 2 (Simple Content A1-A2),task,n.,A2
Category 2 (Simple Content A1-A2),taste,"n., v.",A2
Category 2 (Simple Content A1-A2),tea,n.,A1
Category 2 (Simple Content A1-A2),teacher,n.,A1
Category 2 (Simple Content A1-A2),teaching,n.,A2
Category 2 (Simple Content A1-A2),taxi,n.,A1
Category 2 (Simple Content A1-A2),teach,v.,A1
Category 2 (Simple Content A1-A2),team,n.,A1
Category 2 (Simple Content A1-A2),teenage,adj.,A2
Category 2 (Simple Content A1-A2),teenager,n.,A1
Category 2 (Simple Content A1-A2),telephone,"n., v.",A1
Category 2 (Simple Content A1-A2),television,n.,A1
Category 2 (Simple Content A1-A2),temperature,n.,A2
Category 2 (Simple Content A1-A2),ten number,unknown,A1
Category 2 (Simple Content A1-A2),tell,v.,A1
Category 2 (Simple Content A1-A2),tennis,n.,A1
Category 2 (Simple Content A1-A2),test,"n., v.",A1
Category 2 (Simple Content A1-A2),text,n.,A1
Category 2 (Simple Content A1-A2),text,v.,A2
Category 2 (Simple Content A1-A2),thank,v.,A1
Category 2 (Simple Content A1-A2),theatre,n.,A1
Category 2 (Simple Content A1-A2),thick,adj.,A2
Category 2 (Simple Content A1-A2),thief,n.,A2
Category 2 (Simple Content A1-A2),thin,adj.,A2
Category 2 (Simple Content A1-A2),thing,n.,A1
Category 2 (Simple Content A1-A2),think,v.,A1
Category 2 (Simple Content A1-A2),third,n.,A2
Category 2 (Simple Content A1-A2),third number,unknown,A1
Category 2 (Simple Content A1-A2),thirteen number,unknown,A1
Category 2 (Simple Content A1-A2),thirty number,unknown,A1
Category 2 (Simple Content A1-A2),thousand number,unknown,A1
Category 2 (Simple Content A1-A2),three number,unknown,A1
Category 2 (Simple Content A1-A2),the definite article,unknown,A1
Category 2 (Simple Content A1-A2),ticket,n.,A1
Category 2 (Simple Content A1-A2),tie,"v., n.",A2
Category 2 (Simple Content A1-A2),time,n.,A1
Category 2 (Simple Content A1-A2),tip,n.,A2
Category 2 (Simple Content A1-A2),title,n.,A1
Category 2 (Simple Content A1-A2),"to prep., infinitive marker",unknown,A1
Category 2 (Simple Content A1-A2),today,"adv., n.",A1
Category 2 (Simple Content A1-A2),toilet,n.,A1
Category 2 (Simple Content A1-A2),tomato,n.,A1
Category 2 (Simple Content A1-A2),tomorrow,"adv., n.",A1
Category 2 (Simple Content A1-A2),tonight,"adv., n.",A1
Category 2 (Simple Content A1-A2),tool,n.,A2
Category 2 (Simple Content A1-A2),top,"n., adj.",A2
Category 2 (Simple Content A1-A2),touch,v.,A2
Category 2 (Simple Content A1-A2),tour,n.,A2
Category 2 (Simple Content A1-A2),tourism,n.,A2
Category 2 (Simple Content A1-A2),tourist,n.,A1
Category 2 (Simple Content A1-A2),throw,v.,A2
Category 2 (Simple Content A1-A2),towel,n.,A2
Category 2 (Simple Content A1-A2),tower,n.,A2
Category 2 (Simple Content A1-A2),town,n.,A1
Category 2 (Simple Content A1-A2),toy,"n., adj.",A2
Category 2 (Simple Content A1-A2),tradition,n.,A2
Category 2 (Simple Content A1-A2),traditional,adj.,A2
Category 2 (Simple Content A1-A2),traffic,n.,A1
Category 2 (Simple Content A1-A2),train,n.,A1
Category 2 (Simple Content A1-A2),train,v.,A2
Category 2 (Simple Content A1-A2),transport,n.,A2
Category 2 (Simple Content A1-A2),travel,"v., n.",A1
Category 2 (Simple Content A1-A2),traveller,n.,A2
Category 2 (Simple Content A1-A2),tree,n.,A1
Category 2 (Simple Content A1-A2),trip,n.,A1
Category 2 (Simple Content A1-A2),truck,n.,A2
Category 2 (Simple Content A1-A2),TRUE,adj.,A1
Category 2 (Simple Content A1-A2),try,v.,A1
Category 2 (Simple Content A1-A2),turn,"v., n.",A1
Category 2 (Simple Content A1-A2),twelve number,unknown,A1
Category 2 (Simple Content A1-A2),twenty number,unknown,A1
Category 2 (Simple Content A1-A2),twice,adv.,A1
Category 2 (Simple Content A1-A2),twin,"n., adj.",A2
Category 2 (Simple Content A1-A2),two number,unknown,A1
Category 2 (Simple Content A1-A2),type,n.,A1
Category 2 (Simple Content A1-A2),umbrella,n.,A1
Category 2 (Simple Content A1-A2),uncle,n.,A1
Category 2 (Simple Content A1-A2),underground,"adj., adv.",A2
Category 2 (Simple Content A1-A2),unhappy,adj.,A2
Category 2 (Simple Content A1-A2),uniform,n.,A2
Category 2 (Simple Content A1-A2),unit,n.,A2
Category 2 (Simple Content A1-A2),united,adj.,A2
Category 2 (Simple Content A1-A2),upstairs,adv.,A1
Category 2 (Simple Content A1-A2),upstairs,adj.,A2
Category 2 (Simple Content A1-A2),use,v.,A1
Category 2 (Simple Content A1-A2),use,n.,A2
Category 2 (Simple Content A1-A2),used to modal,v.,A2
Category 2 (Simple Content A1-A2),user,n.,A2
Category 2 (Simple Content A1-A2),vacation,n.,A1
Category 2 (Simple Content A1-A2),van,n.,A2
Category 2 (Simple Content A1-A2),vegetable,n.,A1
Category 2 (Simple Content A1-A2),vehicle,n.,A2
Category 2 (Simple Content A1-A2),video,n.,A1
Category 2 (Simple Content A1-A2),view,n.,A2
Category 2 (Simple Content A1-A2),village,n.,A1
Category 2 (Simple Content A1-A2),virus,n.,A2
Category 2 (Simple Content A1-A2),visit,"v., n.",A1
Category 2 (Simple Content A1-A2),visitor,n.,A1
Category 2 (Simple Content A1-A2),voice,n.,A2
Category 2 (Simple Content A1-A2),wait,v.,A1
Category 2 (Simple Content A1-A2),wait,n.,A2
Category 2 (Simple Content A1-A2),waiter,n.,A1
Category 2 (Simple Content A1-A2),wake,v.,A1
Category 2 (Simple Content A1-A2),walk,"v., n.",A1
Category 2 (Simple Content A1-A2),wall,n.,A1
Category 2 (Simple Content A1-A2),want,v.,A1
Category 2 (Simple Content A1-A2),war,n.,A2
Category 2 (Simple Content A1-A2),warm,adj.,A1
Category 2 (Simple Content A1-A2),wash,v.,A1
Category 2 (Simple Content A1-A2),wash,n.,A2
Category 2 (Simple Content A1-A2),washing,n.,A2
Category 2 (Simple Content A1-A2),watch,"v., n.",A1
Category 2 (Simple Content A1-A2),water,n.,A1
Category 2 (Simple Content A1-A2),wave,n.,A2
Category 2 (Simple Content A1-A2),wear,v.,A1
Category 2 (Simple Content A1-A2),weather,n.,A1
Category 2 (Simple Content A1-A2),web,n.,A2
Category 2 (Simple Content A1-A2),website,n.,A1
Category 2 (Simple Content A1-A2),week,n.,A1
Category 2 (Simple Content A1-A2),weekend,n.,A1
Category 2 (Simple Content A1-A2),weight,n.,A2
Category 2 (Simple Content A1-A2),welcome,n.,A2
Category 2 (Simple Content A1-A2),west,"n., adj., adv.",A1
Category 2 (Simple Content A1-A2),wheel,n.,A2
Category 2 (Simple Content A1-A2),white,"adj., n.",A1
Category 2 (Simple Content A1-A2),wife,n.,A1
Category 2 (Simple Content A1-A2),wild,adj.,A2
Category 2 (Simple Content A1-A2),will modal,v.,A1
Category 2 (Simple Content A1-A2),win,v.,A1
Category 2 (Simple Content A1-A2),wind,n.,A2
Category 2 (Simple Content A1-A2),window,n.,A1
Category 2 (Simple Content A1-A2),winner,n.,A2
Category 2 (Simple Content A1-A2),wish,"v., n.",A2
Category 2 (Simple Content A1-A2),woman,n.,A1
Category 2 (Simple Content A1-A2),wood,n.,A2
Category 2 (Simple Content A1-A2),wooden,adj.,A2
Category 2 (Simple Content A1-A2),word,n.,A1
Category 2 (Simple Content A1-A2),whole,adj.,A2
Category 2 (Simple Content A1-A2),wide,adj.,A2
Category 2 (Simple Content A1-A2),winter,n.,A1
Category 2 (Simple Content A1-A2),wonderful,adj.,A1
Category 2 (Simple Content A1-A2),work,"v., n.",A1
Category 2 (Simple Content A1-A2),worker,n.,A1
Category 2 (Simple Content A1-A2),working,adj.,A2
Category 2 (Simple Content A1-A2),world,n.,A1
Category 2 (Simple Content A1-A2),worst,adj.,A2
Category 2 (Simple Content A1-A2),write,v.,A1
Category 2 (Simple Content A1-A2),writer,n.,A1
Category 2 (Simple Content A1-A2),writing,n.,A1
Category 2 (Simple Content A1-A2),year,n.,A1
Category 2 (Simple Content A1-A2),yellow,"adj., n.",A1
Category 2 (Simple Content A1-A2),yesterday,"adv., n.",A1
Category 2 (Simple Content A1-A2),zero number,unknown,A2
Category 3 (Medium/High B1-B2),IT,n.,B1
Category 2 (Simple Content A1-A2),wrong,adj.,A1
Category 2 (Simple Content A1-A2),young,adj.,A1
Category 3 (Medium/High B1-B2),act,n.,B1
Category 3 (Medium/High B1-B2),ad,n.,B1
Category 2 (Simple Content A1-A2),would modal,v.,A1
